idx,min_occ,precision,recall,accuracy
0,3,"[0.18703976 0.19321534 0.19764012 0.22861357 0.19174041 0.18906942
 0.2717873  0.21893491]","[0.18416206 0.18968692 0.19705341 0.22693727 0.20848708 0.19557196
 0.19557196 0.24538745 0.2398524  0.21851852]","[array([0.18416206, 0.18968692, 0.19705341, 0.22693727, 0.20848708,
       0.19557196, 0.19557196, 0.24538745, 0.2398524 , 0.21851852])]"
0,3,"[0.52282769 0.48525074 0.49410029 0.46902655 0.49262537 0.51255539
 0.51994092 0.5       ]","[0.51565378 0.49723757 0.47882136 0.50922509 0.46309963 0.48154982
 0.50553506 0.52398524 0.50553506 0.49814815]","[array([0.51565378, 0.49723757, 0.47882136, 0.50922509, 0.46309963,
       0.48154982, 0.50553506, 0.52398524, 0.50553506, 0.49814815])]"
