idx,min_occ,precision,recall,accuracy
0,3,"[0.18703976 0.19321534 0.19764012 0.22861357 0.19174041 0.18906942
 0.2717873  0.21893491]","[0.18416206 0.18968692 0.19705341 0.22693727 0.20848708 0.19557196
 0.19557196 0.24538745 0.2398524  0.21851852]","[array([0.18416206, 0.18968692, 0.19705341, 0.22693727, 0.20848708,
       0.19557196, 0.19557196, 0.24538745, 0.2398524 , 0.21851852])]"
